{
  "n_estimators": 548,
  "max_depth": 6,
  "learning_rate": 0.011714309007022652,
  "subsample": 0.7555690524893751,
  "colsample_bytree": 0.7054916792091906,
  "gamma": 4.163265645449973,
  "reg_alpha": 0.673591911132289,
  "reg_lambda": 0.5592924187870921,
  "scale_pos_weight": 36.07395056885053,
  "random_state": 42,
  "n_jobs": -1
}