{
  "n_estimators": 482,
  "max_depth": 8,
  "learning_rate": 0.05310028849219883,
  "subsample": 0.8595734012552145,
  "colsample_bytree": 0.6784265407443769,
  "gamma": 5.431225346645906,
  "reg_alpha": 1.1902278614619217,
  "reg_lambda": 2.9908514729930347,
  "scale_pos_weight": 7.123570875956331,
  "random_state": 42,
  "n_jobs": -1
}