{
  "n_estimators": 577,
  "max_depth": 5,
  "learning_rate": 0.03377136740371497,
  "subsample": 0.7865158479563937,
  "colsample_bytree": 0.7192453788423175,
  "gamma": 5.97138232295328,
  "reg_alpha": 1.078692201990296,
  "reg_lambda": 0.5849139958247755,
  "scale_pos_weight": 36.07395056885053,
  "random_state": 42,
  "n_jobs": -1
}