{
  "n_estimators": 611,
  "max_depth": 8,
  "learning_rate": 0.03817849526764053,
  "subsample": 0.8406075120428593,
  "colsample_bytree": 0.7748399293339328,
  "gamma": 0.6101214708227527,
  "reg_alpha": 0.1480672549780651,
  "reg_lambda": 2.483218460305099,
  "scale_pos_weight": 7.123570875956331,
  "random_state": 42,
  "n_jobs": -1
}